Date_Measured,Species,Site,Plot,Height_mm
5/23/2018,Achyrachaena mollis,Northern,44,195
5/23/2018,Achyrachaena mollis,Northern,46,500
5/23/2018,Achyrachaena mollis,Northern,46,474
5/23/2018,Achyrachaena mollis,Northern,47,131
5/23/2018,Achyrachaena mollis,Northern,47,247
5/23/2018,Achyrachaena mollis,Northern,47,150
5/23/2018,Achyrachaena mollis,Northern,47,350
5/23/2018,Achyrachaena mollis,Northern,47,361
5/23/2018,Achyrachaena mollis,Northern,47,370
5/23/2018,Achyrachaena mollis,Northern,47,476
5/23/2018,Achyrachaena mollis,Northern,47,293
5/23/2018,Achyrachaena mollis,Northern,47,200
5/23/2018,Achyrachaena mollis,Northern,47,220
5/23/2018,Achyrachaena mollis,Northern,49,138
5/23/2018,Achyrachaena mollis,Northern,49,150
5/23/2018,Achyrachaena mollis,Northern,49,185
5/23/2018,Achyrachaena mollis,Northern,49,130
5/23/2018,Achyrachaena mollis,Northern,49,265
5/23/2018,Achyrachaena mollis,Northern,49,167
5/23/2018,Achyrachaena mollis,Northern,53,86
5/23/2018,Achyrachaena mollis,Northern,54,200
5/23/2018,Achyrachaena mollis,Northern,54,356
5/23/2018,Achyrachaena mollis,Northern,54,214
5/23/2018,Achyrachaena mollis,Northern,55,211
5/23/2018,Achyrachaena mollis,Northern,55,515
5/23/2018,Achyrachaena mollis,Northern,55,207
5/23/2018,Achyrachaena mollis,Northern,56,292
5/23/2018,Achyrachaena mollis,Northern,56,330
5/23/2018,Achyrachaena mollis,Northern,56,380
5/23/2018,Achyrachaena mollis,Northern,56,260
5/23/2018,Achyrachaena mollis,Northern,56,200
5/23/2018,Achyrachaena mollis,Northern,56,200
5/23/2018,Achyrachaena mollis,Northern,56,110
5/23/2018,Achyrachaena mollis,Northern,56,265
5/23/2018,Achyrachaena mollis,Northern,56,320
5/23/2018,Achyrachaena mollis,Northern,57,101
5/23/2018,Achyrachaena mollis,Northern,57,123
5/23/2018,Achyrachaena mollis,Northern,58,155
5/23/2018,Achyrachaena mollis,Northern,58,150
5/23/2018,Achyrachaena mollis,Northern,58,156
5/23/2018,Achyrachaena mollis,Northern,58,174
5/10/18,Alopecurus pratensis,Northern,41,961
5/10/18,Alopecurus pratensis,Northern,41,695
5/10/18,Alopecurus pratensis,Northern,41,838
5/10/18,Alopecurus pratensis,Northern,41,845
5/10/18,Alopecurus pratensis,Northern,41,736
5/10/18,Alopecurus pratensis,Northern,48,729
5/10/18,Alopecurus pratensis,Northern,48,622
5/10/18,Alopecurus pratensis,Northern,48,790
5/10/18,Alopecurus pratensis,Northern,48,798
5/10/18,Alopecurus pratensis,Northern,48,830
5/10/18,Alopecurus pratensis,Northern,50,908
5/10/18,Alopecurus pratensis,Northern,50,920
5/10/18,Alopecurus pratensis,Northern,50,925
5/10/18,Alopecurus pratensis,Northern,50,826
5/10/18,Alopecurus pratensis,Northern,50,870
5/10/18,Alopecurus pratensis,Northern,53,898
5/10/18,Alopecurus pratensis,Northern,53,794
5/10/18,Alopecurus pratensis,Northern,53,880
5/10/18,Alopecurus pratensis,Northern,53,730
5/10/18,Alopecurus pratensis,Northern,53,920
5/10/18,Alopecurus pratensis,Northern,59,851
5/10/18,Alopecurus pratensis,Northern,59,876
5/10/18,Alopecurus pratensis,Northern,59,991
5/10/18,Alopecurus pratensis,Northern,59,822
5/10/18,Alopecurus pratensis,Northern,59,882
5/17/2018,Alopecurus pratensis,Southern,FIELD,850
5/17/2018,Alopecurus pratensis,Southern,FIELD,699
5/17/2018,Alopecurus pratensis,Southern,FIELD,911
5/17/2018,Alopecurus pratensis,Southern,FIELD,788
5/17/2018,Alopecurus pratensis,Southern,FIELD,778
5/17/2018,Alopecurus pratensis,Southern,FIELD,926
5/17/2018,Alopecurus pratensis,Southern,FIELD,690
5/17/2018,Alopecurus pratensis,Southern,FIELD,551
5/17/2018,Alopecurus pratensis,Southern,FIELD,740
5/17/2018,Alopecurus pratensis,Southern,FIELD,740
5/17/2018,Alopecurus pratensis,Southern,FIELD,853
5/17/2018,Alopecurus pratensis,Southern,FIELD,1065
5/17/2018,Alopecurus pratensis,Southern,FIELD,750
5/17/2018,Alopecurus pratensis,Southern,FIELD,1051
5/17/2018,Alopecurus pratensis,Southern,FIELD,814
5/17/2018,Alopecurus pratensis,Southern,FIELD,882
5/17/2018,Alopecurus pratensis,Southern,FIELD,762
5/17/2018,Alopecurus pratensis,Southern,FIELD,786
5/17/2018,Alopecurus pratensis,Southern,FIELD,845
5/17/2018,Alopecurus pratensis,Southern,FIELD,701
5/17/2018,Alopecurus pratensis,Southern,FIELD,527
5/17/2018,Alopecurus pratensis,Southern,FIELD,590
5/17/2018,Alopecurus pratensis,Southern,FIELD,543
5/17/2018,Alopecurus pratensis,Southern,FIELD,930
5/17/2018,Alopecurus pratensis,Southern,FIELD,774
5/16/2018,Bromus hordaceus,Southern,1,531
5/16/2018,Bromus hordaceus,Southern,1,462
5/16/2018,Bromus hordaceus,Southern,1,511
5/16/2018,Bromus hordaceus,Southern,1,554
5/16/2018,Bromus hordaceus,Southern,1,426
5/16/2018,Bromus hordaceus,Southern,2,530
5/16/2018,Bromus hordaceus,Southern,2,480
5/16/2018,Bromus hordaceus,Southern,2,444
5/16/2018,Bromus hordaceus,Southern,2,397
5/16/2018,Bromus hordaceus,Southern,2,487
5/16/2018,Bromus hordaceus,Southern,3,437
5/16/2018,Bromus hordaceus,Southern,3,455
5/16/2018,Bromus hordaceus,Southern,3,565
5/16/2018,Bromus hordaceus,Southern,3,460
5/16/2018,Bromus hordaceus,Southern,3,460
5/16/2018,Bromus hordaceus,Southern,4,490
5/16/2018,Bromus hordaceus,Southern,4,596
5/16/2018,Bromus hordaceus,Southern,4,588
5/16/2018,Bromus hordaceus,Southern,4,464
5/16/2018,Bromus hordaceus,Southern,4,446
5/16/2018,Bromus hordaceus,Southern,5,424
5/16/2018,Bromus hordaceus,Southern,5,540
5/16/2018,Bromus hordaceus,Southern,5,600
5/16/2018,Bromus hordaceus,Southern,5,567
5/16/2018,Bromus hordaceus,Southern,5,466
5/16/2018,Bromus hordaceus,Southern,6,374
5/16/2018,Bromus hordaceus,Southern,6,669
5/16/2018,Bromus hordaceus,Southern,6,515
5/16/2018,Bromus hordaceus,Southern,6,229
5/16/2018,Bromus hordaceus,Southern,6,262
5/16/2018,Bromus hordaceus,Southern,7,412
5/16/2018,Bromus hordaceus,Southern,7,318
5/16/2018,Bromus hordaceus,Southern,7,556
5/16/2018,Bromus hordaceus,Southern,7,521
5/16/2018,Bromus hordaceus,Southern,7,430
5/16/2018,Bromus hordaceus,Southern,8,474
5/16/2018,Bromus hordaceus,Southern,8,476
5/16/2018,Bromus hordaceus,Southern,8,650
5/16/2018,Bromus hordaceus,Southern,8,570
5/16/2018,Bromus hordaceus,Southern,8,500
5/16/2018,Bromus hordaceus,Southern,9,376
5/16/2018,Bromus hordaceus,Southern,9,494
5/16/2018,Bromus hordaceus,Southern,9,426
5/16/2018,Bromus hordaceus,Southern,9,422
5/16/2018,Bromus hordaceus,Southern,9,371
5/16/2018,Bromus hordaceus,Southern,10,591
5/16/2018,Bromus hordaceus,Southern,10,494
5/16/2018,Bromus hordaceus,Southern,10,429
5/16/2018,Bromus hordaceus,Southern,10,486
5/16/2018,Bromus hordaceus,Southern,10,430
5/16/2018,Bromus hordaceus,Southern,11,486
5/16/2018,Bromus hordaceus,Southern,11,531
5/16/2018,Bromus hordaceus,Southern,11,486
5/16/2018,Bromus hordaceus,Southern,11,612
5/16/2018,Bromus hordaceus,Southern,11,500
5/16/2018,Bromus hordaceus,Southern,12,444
5/16/2018,Bromus hordaceus,Southern,12,400
5/16/2018,Bromus hordaceus,Southern,12,465
5/16/2018,Bromus hordaceus,Southern,12,440
5/16/2018,Bromus hordaceus,Southern,12,430
5/16/2018,Bromus hordaceus,Southern,13,525
5/16/2018,Bromus hordaceus,Southern,13,436
5/16/2018,Bromus hordaceus,Southern,13,427
5/16/2018,Bromus hordaceus,Southern,13,627
5/16/2018,Bromus hordaceus,Southern,13,386
5/16/2018,Bromus hordaceus,Southern,14,536
5/16/2018,Bromus hordaceus,Southern,14,466
5/16/2018,Bromus hordaceus,Southern,14,592
5/16/2018,Bromus hordaceus,Southern,14,611
5/16/2018,Bromus hordaceus,Southern,14,460
5/16/2018,Bromus hordaceus,Southern,15,416
5/16/2018,Bromus hordaceus,Southern,15,555
5/16/2018,Bromus hordaceus,Southern,15,446
5/16/2018,Bromus hordaceus,Southern,15,534
5/16/2018,Bromus hordaceus,Southern,15,461
5/16/2018,Bromus hordaceus,Southern,16,487
5/16/2018,Bromus hordaceus,Southern,16,488
5/16/2018,Bromus hordaceus,Southern,16,467
5/16/2018,Bromus hordaceus,Southern,16,544
5/16/2018,Bromus hordaceus,Southern,16,696
5/16/2018,Bromus hordaceus,Southern,17,434
5/16/2018,Bromus hordaceus,Southern,17,502
5/16/2018,Bromus hordaceus,Southern,17,459
5/16/2018,Bromus hordaceus,Southern,17,541
5/16/2018,Bromus hordaceus,Southern,17,557
5/16/2018,Bromus hordaceus,Southern,18,570
5/16/2018,Bromus hordaceus,Southern,18,420
5/16/2018,Bromus hordaceus,Southern,18,561
5/16/2018,Bromus hordaceus,Southern,18,620
5/16/2018,Bromus hordaceus,Southern,18,570
5/16/2018,Bromus hordaceus,Southern,19,517
5/16/2018,Bromus hordaceus,Southern,19,552
5/16/2018,Bromus hordaceus,Southern,19,610
5/16/2018,Bromus hordaceus,Southern,19,560
5/16/2018,Bromus hordaceus,Southern,19,476
5/16/2018,Bromus hordaceus,Southern,20,581
5/16/2018,Bromus hordaceus,Southern,20,470
5/16/2018,Bromus hordaceus,Southern,20,581
5/16/2018,Bromus hordaceus,Southern,20,780
5/16/2018,Bromus hordaceus,Southern,20,1000
5/22/2018,Collinsia grandiflora,Northern,42,250
5/22/2018,Collinsia grandiflora,Northern,42,277
5/22/2018,Collinsia grandiflora,Northern,42,280
5/22/2018,Collinsia grandiflora,Northern,42,305
5/22/2018,Collinsia grandiflora,Northern,42,311
5/22/2018,Collinsia grandiflora,Northern,42,320
5/22/2018,Collinsia grandiflora,Northern,42,350
5/22/2018,Collinsia grandiflora,Northern,42,358
5/22/2018,Collinsia grandiflora,Northern,42,367
5/22/2018,Collinsia grandiflora,Northern,42,394
5/22/2018,Collinsia grandiflora,Northern,42,408
5/22/2018,Collinsia grandiflora,Northern,42,411
5/22/2018,Collinsia grandiflora,Northern,43,200
5/22/2018,Collinsia grandiflora,Northern,43,231
5/22/2018,Collinsia grandiflora,Northern,43,270
5/22/2018,Collinsia grandiflora,Northern,43,291
5/22/2018,Collinsia grandiflora,Northern,43,294
5/22/2018,Collinsia grandiflora,Northern,43,331
5/22/2018,Collinsia grandiflora,Northern,43,332
5/22/2018,Collinsia grandiflora,Northern,43,350
5/22/2018,Collinsia grandiflora,Northern,43,382
5/22/2018,Collinsia grandiflora,Northern,43,430
5/22/2018,Collinsia grandiflora,Northern,43,460
5/22/2018,Collinsia grandiflora,Northern,43,460
5/22/2018,Collinsia grandiflora,Northern,43,470
5/22/2018,Collinsia grandiflora,Northern,45,211
5/22/2018,Collinsia grandiflora,Northern,45,242
5/22/2018,Collinsia grandiflora,Northern,45,256
5/22/2018,Collinsia grandiflora,Northern,45,260
5/22/2018,Collinsia grandiflora,Northern,45,285
5/22/2018,Collinsia grandiflora,Northern,45,285
5/22/2018,Collinsia grandiflora,Northern,45,312
5/22/2018,Collinsia grandiflora,Northern,45,313
5/22/2018,Collinsia grandiflora,Northern,45,318
5/22/2018,Collinsia grandiflora,Northern,45,320
5/22/2018,Collinsia grandiflora,Northern,45,375
5/22/2018,Collinsia grandiflora,Northern,45,430
5/22/2018,Collinsia grandiflora,Northern,46,327
5/22/2018,Collinsia grandiflora,Northern,46,330
5/22/2018,Collinsia grandiflora,Northern,46,364
5/22/2018,Collinsia grandiflora,Northern,46,365
5/22/2018,Collinsia grandiflora,Northern,46,370
5/22/2018,Collinsia grandiflora,Northern,46,380
5/22/2018,Collinsia grandiflora,Northern,46,430
5/22/2018,Collinsia grandiflora,Northern,46,439
5/22/2018,Collinsia grandiflora,Northern,46,445
5/22/2018,Collinsia grandiflora,Northern,46,450
5/22/2018,Collinsia grandiflora,Northern,46,465
5/22/2018,Collinsia grandiflora,Northern,46,496
5/22/2018,Collinsia grandiflora,Northern,51,392
5/22/2018,Collinsia grandiflora,Northern,51,425
5/22/2018,Collinsia grandiflora,Northern,51,441
5/22/2018,Collinsia grandiflora,Northern,51,450
5/22/2018,Collinsia grandiflora,Northern,51,450
5/22/2018,Collinsia grandiflora,Northern,51,452
5/22/2018,Collinsia grandiflora,Northern,51,460
5/22/2018,Collinsia grandiflora,Northern,51,465
5/22/2018,Collinsia grandiflora,Northern,51,495
5/22/2018,Collinsia grandiflora,Northern,51,516
5/22/2018,Collinsia grandiflora,Northern,51,560
5/22/2018,Collinsia grandiflora,Northern,51,600
5/22/2018,Collinsia grandiflora,Northern,52,180
5/22/2018,Collinsia grandiflora,Northern,52,200
5/22/2018,Collinsia grandiflora,Northern,52,217
5/22/2018,Collinsia grandiflora,Northern,52,220
5/22/2018,Collinsia grandiflora,Northern,52,231
5/22/2018,Collinsia grandiflora,Northern,52,240
5/22/2018,Collinsia grandiflora,Northern,52,254
5/22/2018,Collinsia grandiflora,Northern,52,260
5/22/2018,Collinsia grandiflora,Northern,52,320
5/22/2018,Collinsia grandiflora,Northern,52,335
5/22/2018,Collinsia grandiflora,Northern,52,340
5/22/2018,Collinsia grandiflora,Northern,52,372
5/22/2018,Collinsia grandiflora,Northern,54,340
5/22/2018,Collinsia grandiflora,Northern,54,351
5/22/2018,Collinsia grandiflora,Northern,54,357
5/22/2018,Collinsia grandiflora,Northern,54,359
5/22/2018,Collinsia grandiflora,Northern,54,441
5/22/2018,Collinsia grandiflora,Northern,54,465
5/22/2018,Collinsia grandiflora,Northern,54,470
5/22/2018,Collinsia grandiflora,Northern,54,490
5/22/2018,Collinsia grandiflora,Northern,54,500
5/22/2018,Collinsia grandiflora,Northern,54,511
5/22/2018,Collinsia grandiflora,Northern,54,520
5/22/2018,Collinsia grandiflora,Northern,54,527
5/22/2018,Collinsia grandiflora,Northern,55,320
5/22/2018,Collinsia grandiflora,Northern,55,334
5/22/2018,Collinsia grandiflora,Northern,55,363
5/22/2018,Collinsia grandiflora,Northern,55,365
5/22/2018,Collinsia grandiflora,Northern,55,366
5/22/2018,Collinsia grandiflora,Northern,55,392
5/22/2018,Collinsia grandiflora,Northern,55,403
5/22/2018,Collinsia grandiflora,Northern,55,410
5/22/2018,Collinsia grandiflora,Northern,55,430
5/22/2018,Collinsia grandiflora,Northern,55,441
5/22/2018,Collinsia grandiflora,Northern,55,442
5/22/2018,Collinsia grandiflora,Northern,55,503
5/22/2018,Collinsia grandiflora,Northern,57,257
5/22/2018,Collinsia grandiflora,Northern,57,280
5/22/2018,Collinsia grandiflora,Northern,57,285
5/22/2018,Collinsia grandiflora,Northern,57,300
5/22/2018,Collinsia grandiflora,Northern,57,320
5/22/2018,Collinsia grandiflora,Northern,57,330
5/22/2018,Collinsia grandiflora,Northern,57,346
5/22/2018,Collinsia grandiflora,Northern,57,374
5/22/2018,Collinsia grandiflora,Northern,57,380
5/22/2018,Collinsia grandiflora,Northern,57,397
5/22/2018,Collinsia grandiflora,Northern,57,411
5/22/2018,Collinsia grandiflora,Northern,57,496
5/22/2018,Collinsia grandiflora,Northern,60,149
5/22/2018,Collinsia grandiflora,Northern,60,275
5/22/2018,Collinsia grandiflora,Northern,60,292
5/22/2018,Collinsia grandiflora,Northern,60,310
5/22/2018,Collinsia grandiflora,Northern,60,318
5/22/2018,Collinsia grandiflora,Northern,60,335
5/22/2018,Collinsia grandiflora,Northern,60,340
5/22/2018,Collinsia grandiflora,Northern,60,342
5/22/2018,Collinsia grandiflora,Northern,60,360
5/22/2018,Collinsia grandiflora,Northern,60,370
5/22/2018,Collinsia grandiflora,Northern,60,380
5/22/2018,Collinsia grandiflora,Northern,60,470
5/17/2018,Hypochaeris radicata,Southern,FIELD,161
5/17/2018,Hypochaeris radicata,Southern,FIELD,160
5/17/2018,Hypochaeris radicata,Southern,FIELD,164
5/17/2018,Hypochaeris radicata,Southern,FIELD,84
5/17/2018,Hypochaeris radicata,Southern,FIELD,132
5/17/2018,Hypochaeris radicata,Southern,FIELD,98
5/17/2018,Hypochaeris radicata,Southern,FIELD,79
5/17/2018,Hypochaeris radicata,Southern,FIELD,85
5/17/2018,Hypochaeris radicata,Southern,FIELD,75
5/17/2018,Hypochaeris radicata,Southern,FIELD,145
5/17/2018,Hypochaeris radicata,Southern,FIELD,88
5/17/2018,Hypochaeris radicata,Southern,FIELD,71
5/17/2018,Hypochaeris radicata,Southern,FIELD,72
5/17/2018,Hypochaeris radicata,Southern,FIELD,122
5/17/2018,Hypochaeris radicata,Southern,FIELD,79
5/17/2018,Hypochaeris radicata,Southern,FIELD,100
5/17/2018,Hypochaeris radicata,Southern,FIELD,76
5/17/2018,Hypochaeris radicata,Southern,FIELD,93
5/17/2018,Hypochaeris radicata,Southern,FIELD,60
5/17/2018,Hypochaeris radicata,Southern,FIELD,95
5/17/2018,Hypochaeris radicata,Southern,FIELD,110
5/17/2018,Hypochaeris radicata,Southern,FIELD,90
5/17/2018,Hypochaeris radicata,Southern,FIELD,159
5/17/2018,Hypochaeris radicata,Southern,FIELD,118
5/17/2018,Hypochaeris radicata,Southern,FIELD,100
5/16/2018,Plagiobothrys nothofulvus,Southern,5,144
5/16/2018,Plagiobothrys nothofulvus,Southern,5,87
5/16/2018,Plagiobothrys nothofulvus,Southern,5,121
5/16/2018,Plagiobothrys nothofulvus,Southern,5,89
5/16/2018,Plagiobothrys nothofulvus,Southern,5,111
5/16/2018,Plagiobothrys nothofulvus,Southern,5,150
5/16/2018,Plagiobothrys nothofulvus,Southern,5,235
5/16/2018,Plagiobothrys nothofulvus,Southern,5,140
5/16/2018,Plagiobothrys nothofulvus,Southern,9,75
5/16/2018,Plagiobothrys nothofulvus,Southern,9,59
5/16/2018,Plagiobothrys nothofulvus,Southern,9,51
5/16/2018,Plagiobothrys nothofulvus,Southern,10,82
5/16/2018,Plagiobothrys nothofulvus,Southern,10,74
5/16/2018,Plagiobothrys nothofulvus,Southern,10,31
5/16/2018,Plagiobothrys nothofulvus,Southern,10,30
5/16/2018,Plagiobothrys nothofulvus,Southern,10,50
5/16/2018,Plagiobothrys nothofulvus,Southern,15,80
5/16/2018,Plagiobothrys nothofulvus,Southern,16,40
5/7/2018,Plectritis congesta,Central,21,161
5/7/2018,Plectritis congesta,Central,21,79
5/7/2018,Plectritis congesta,Central,21,149
5/7/2018,Plectritis congesta,Central,21,153
5/7/2018,Plectritis congesta,Central,21,157
5/7/2018,Plectritis congesta,Central,21,148
5/7/2018,Plectritis congesta,Central,22,112
5/7/2018,Plectritis congesta,Central,22,126
5/7/2018,Plectritis congesta,Central,22,115
5/7/2018,Plectritis congesta,Central,22,175
5/7/2018,Plectritis congesta,Central,22,110
5/7/2018,Plectritis congesta,Central,22,168
5/7/2018,Plectritis congesta,Central,25,29
5/7/2018,Plectritis congesta,Central,25,74
5/7/2018,Plectritis congesta,Central,25,97
5/7/2018,Plectritis congesta,Central,25,75
5/7/2018,Plectritis congesta,Central,25,65
5/7/2018,Plectritis congesta,Central,25,72
5/7/2018,Plectritis congesta,Central,25,111
5/7/2018,Plectritis congesta,Central,27,72
5/7/2018,Plectritis congesta,Central,27,49
5/7/2018,Plectritis congesta,Central,28,39
5/7/2018,Plectritis congesta,Central,28,66
5/7/2018,Plectritis congesta,Central,28,61
5/7/2018,Plectritis congesta,Central,28,115
5/7/2018,Plectritis congesta,Central,28,47
5/7/2018,Plectritis congesta,Central,28,75
5/7/2018,Plectritis congesta,Central,29,81
5/7/2018,Plectritis congesta,Central,29,117
5/7/2018,Plectritis congesta,Central,29,95
5/7/2018,Plectritis congesta,Central,29,72
5/7/2018,Plectritis congesta,Central,29,64
5/7/2018,Plectritis congesta,Central,29,85
5/7/2018,Plectritis congesta,Central,30,237
5/7/2018,Plectritis congesta,Central,30,70
5/7/2018,Plectritis congesta,Central,30,100
5/7/2018,Plectritis congesta,Central,30,154
5/7/2018,Plectritis congesta,Central,30,139
5/7/2018,Plectritis congesta,Central,30,200
5/7/2018,Plectritis congesta,Central,31,94
5/7/2018,Plectritis congesta,Central,31,118
5/7/2018,Plectritis congesta,Central,31,62
5/7/2018,Plectritis congesta,Central,31,49
5/7/2018,Plectritis congesta,Central,31,93
5/7/2018,Plectritis congesta,Central,31,73
5/7/2018,Plectritis congesta,Central,34,60
5/7/2018,Plectritis congesta,Central,34,70
5/7/2018,Plectritis congesta,Central,34,78
5/7/2018,Plectritis congesta,Central,34,93
5/7/2018,Plectritis congesta,Central,34,173
5/7/2018,Plectritis congesta,Central,34,155
5/7/2018,Plectritis congesta,Central,34,174
5/7/2018,Plectritis congesta,Central,34,120
5/7/2018,Plectritis congesta,Central,35,142
5/7/2018,Plectritis congesta,Central,35,111
5/7/2018,Plectritis congesta,Central,35,120
5/7/2018,Plectritis congesta,Central,36,125
5/7/2018,Plectritis congesta,Central,36,98
5/7/2018,Plectritis congesta,Central,37,103
5/7/2018,Plectritis congesta,Central,37,105
5/7/2018,Plectritis congesta,Central,37,145
5/7/2018,Plectritis congesta,Central,37,98
5/7/2018,Plectritis congesta,Central,37,168
5/7/2018,Plectritis congesta,Central,38,72
5/7/2018,Plectritis congesta,Central,38,140
5/7/2018,Plectritis congesta,Central,38,107
5/7/2018,Plectritis congesta,Central,38,65
5/7/2018,Plectritis congesta,Central,38,48
5/7/2018,Plectritis congesta,Central,38,60
5/7/2018,Plectritis congesta,Central,39,58
5/7/2018,Plectritis congesta,Central,39,70
5/7/2018,Plectritis congesta,Central,39,59
5/7/2018,Plectritis congesta,Central,39,65
5/7/2018,Plectritis congesta,Central,39,52
5/7/2018,Plectritis congesta,Central,39,91
5/7/2018,Plectritis congesta,Central,39,88
5/7/2018,Plectritis congesta,Central,40,150
5/23/2018,Plectritis congesta,Northern,41,265
5/23/2018,Plectritis congesta,Northern,41,283
5/23/2018,Plectritis congesta,Northern,41,288
5/23/2018,Plectritis congesta,Northern,41,297
5/23/2018,Plectritis congesta,Northern,41,321
5/23/2018,Plectritis congesta,Northern,41,329
5/23/2018,Plectritis congesta,Northern,41,395
5/23/2018,Plectritis congesta,Northern,41,420
5/23/2018,Plectritis congesta,Northern,41,510
5/23/2018,Plectritis congesta,Northern,41,530
5/23/2018,Plectritis congesta,Northern,41,544
5/23/2018,Plectritis congesta,Northern,41,560
5/8/2018,Plectritis congesta,Northern,42,140
5/8/2018,Plectritis congesta,Northern,42,165
5/8/2018,Plectritis congesta,Northern,42,185
5/8/2018,Plectritis congesta,Northern,42,190
5/8/2018,Plectritis congesta,Northern,42,190
5/8/2018,Plectritis congesta,Northern,42,200
5/8/2018,Plectritis congesta,Northern,42,208
5/8/2018,Plectritis congesta,Northern,42,208
5/8/2018,Plectritis congesta,Northern,42,212
5/8/2018,Plectritis congesta,Northern,42,214
5/8/2018,Plectritis congesta,Northern,42,214
5/8/2018,Plectritis congesta,Northern,42,219
5/8/2018,Plectritis congesta,Northern,42,219
5/8/2018,Plectritis congesta,Northern,42,230
5/8/2018,Plectritis congesta,Northern,42,230
5/8/2018,Plectritis congesta,Northern,42,232
5/8/2018,Plectritis congesta,Northern,42,233
5/8/2018,Plectritis congesta,Northern,42,255
5/8/2018,Plectritis congesta,Northern,42,255
5/8/2018,Plectritis congesta,Northern,42,269
5/8/2018,Plectritis congesta,Northern,42,270
5/8/2018,Plectritis congesta,Northern,42,270
5/8/2018,Plectritis congesta,Northern,42,275
5/8/2018,Plectritis congesta,Northern,42,275
5/8/2018,Plectritis congesta,Northern,42,280
5/8/2018,Plectritis congesta,Northern,42,280
5/8/2018,Plectritis congesta,Northern,42,281
5/8/2018,Plectritis congesta,Northern,42,288
5/8/2018,Plectritis congesta,Northern,42,290
5/8/2018,Plectritis congesta,Northern,42,301
5/8/2018,Plectritis congesta,Northern,42,311
5/8/2018,Plectritis congesta,Northern,42,330
5/8/2018,Plectritis congesta,Northern,42,330
5/8/2018,Plectritis congesta,Northern,42,330
5/8/2018,Plectritis congesta,Northern,42,340
5/8/2018,Plectritis congesta,Northern,42,353
5/8/2018,Plectritis congesta,Northern,42,355
5/8/2018,Plectritis congesta,Northern,42,362
5/8/2018,Plectritis congesta,Northern,42,362
5/8/2018,Plectritis congesta,Northern,42,370
5/8/2018,Plectritis congesta,Northern,42,405
5/8/2018,Plectritis congesta,Northern,42,410
5/8/2018,Plectritis congesta,Northern,43,163
5/8/2018,Plectritis congesta,Northern,43,172
5/8/2018,Plectritis congesta,Northern,43,185
5/8/2018,Plectritis congesta,Northern,43,190
5/8/2018,Plectritis congesta,Northern,43,190
5/8/2018,Plectritis congesta,Northern,43,198
5/8/2018,Plectritis congesta,Northern,43,200
5/8/2018,Plectritis congesta,Northern,43,205
5/8/2018,Plectritis congesta,Northern,43,209
5/8/2018,Plectritis congesta,Northern,43,215
5/8/2018,Plectritis congesta,Northern,43,220
5/8/2018,Plectritis congesta,Northern,43,220
5/8/2018,Plectritis congesta,Northern,43,221
5/8/2018,Plectritis congesta,Northern,43,230
5/8/2018,Plectritis congesta,Northern,43,232
5/8/2018,Plectritis congesta,Northern,43,244
5/8/2018,Plectritis congesta,Northern,43,244
5/8/2018,Plectritis congesta,Northern,43,252
5/8/2018,Plectritis congesta,Northern,43,259
5/8/2018,Plectritis congesta,Northern,43,265
5/8/2018,Plectritis congesta,Northern,43,270
5/8/2018,Plectritis congesta,Northern,43,271
5/8/2018,Plectritis congesta,Northern,43,275
5/8/2018,Plectritis congesta,Northern,43,284
5/8/2018,Plectritis congesta,Northern,43,295
5/8/2018,Plectritis congesta,Northern,43,303
5/8/2018,Plectritis congesta,Northern,43,312
5/8/2018,Plectritis congesta,Northern,43,315
5/8/2018,Plectritis congesta,Northern,43,319
5/8/2018,Plectritis congesta,Northern,43,323
5/8/2018,Plectritis congesta,Northern,43,325
5/8/2018,Plectritis congesta,Northern,43,331
5/8/2018,Plectritis congesta,Northern,43,332
5/8/2018,Plectritis congesta,Northern,43,345
5/8/2018,Plectritis congesta,Northern,43,360
5/8/2018,Plectritis congesta,Northern,43,381
5/8/2018,Plectritis congesta,Northern,43,382
5/23/2018,Plectritis congesta,Northern,44,260
5/23/2018,Plectritis congesta,Northern,44,290
5/23/2018,Plectritis congesta,Northern,44,333
5/23/2018,Plectritis congesta,Northern,44,341
5/23/2018,Plectritis congesta,Northern,44,388
5/23/2018,Plectritis congesta,Northern,44,396
5/23/2018,Plectritis congesta,Northern,44,400
5/23/2018,Plectritis congesta,Northern,44,410
5/23/2018,Plectritis congesta,Northern,44,437
5/23/2018,Plectritis congesta,Northern,44,442
5/23/2018,Plectritis congesta,Northern,44,450
5/23/2018,Plectritis congesta,Northern,44,453
5/23/2018,Plectritis congesta,Northern,44,465
5/23/2018,Plectritis congesta,Northern,44,538
5/23/2018,Plectritis congesta,Northern,44,538
5/8/2018,Plectritis congesta,Northern,45,144
5/8/2018,Plectritis congesta,Northern,45,152
5/8/2018,Plectritis congesta,Northern,45,160
5/8/2018,Plectritis congesta,Northern,45,160
5/8/2018,Plectritis congesta,Northern,45,166
5/8/2018,Plectritis congesta,Northern,45,170
5/8/2018,Plectritis congesta,Northern,45,176
5/8/2018,Plectritis congesta,Northern,45,180
5/8/2018,Plectritis congesta,Northern,45,189
5/8/2018,Plectritis congesta,Northern,45,190
5/8/2018,Plectritis congesta,Northern,45,202
5/8/2018,Plectritis congesta,Northern,45,204
5/8/2018,Plectritis congesta,Northern,45,206
5/8/2018,Plectritis congesta,Northern,45,206
5/8/2018,Plectritis congesta,Northern,45,212
5/8/2018,Plectritis congesta,Northern,45,216
5/8/2018,Plectritis congesta,Northern,45,217
5/8/2018,Plectritis congesta,Northern,45,220
5/8/2018,Plectritis congesta,Northern,45,229
5/8/2018,Plectritis congesta,Northern,45,231
5/8/2018,Plectritis congesta,Northern,45,233
5/8/2018,Plectritis congesta,Northern,45,234
5/8/2018,Plectritis congesta,Northern,45,235
5/8/2018,Plectritis congesta,Northern,45,240
5/8/2018,Plectritis congesta,Northern,45,240
5/8/2018,Plectritis congesta,Northern,45,240
5/8/2018,Plectritis congesta,Northern,45,247
5/8/2018,Plectritis congesta,Northern,45,249
5/8/2018,Plectritis congesta,Northern,45,251
5/8/2018,Plectritis congesta,Northern,45,262
5/8/2018,Plectritis congesta,Northern,45,270
5/8/2018,Plectritis congesta,Northern,45,270
5/8/2018,Plectritis congesta,Northern,45,272
5/8/2018,Plectritis congesta,Northern,45,275
5/8/2018,Plectritis congesta,Northern,45,280
5/8/2018,Plectritis congesta,Northern,45,287
5/8/2018,Plectritis congesta,Northern,45,294
5/8/2018,Plectritis congesta,Northern,45,295
5/8/2018,Plectritis congesta,Northern,45,297
5/8/2018,Plectritis congesta,Northern,45,304
5/8/2018,Plectritis congesta,Northern,45,304
5/8/2018,Plectritis congesta,Northern,45,311
5/8/2018,Plectritis congesta,Northern,45,311
5/8/2018,Plectritis congesta,Northern,45,313
5/8/2018,Plectritis congesta,Northern,45,313
5/8/2018,Plectritis congesta,Northern,45,315
5/8/2018,Plectritis congesta,Northern,45,318
5/8/2018,Plectritis congesta,Northern,45,331
5/8/2018,Plectritis congesta,Northern,45,333
5/8/2018,Plectritis congesta,Northern,45,335
5/8/2018,Plectritis congesta,Northern,45,352
5/8/2018,Plectritis congesta,Northern,45,354
5/8/2018,Plectritis congesta,Northern,45,385
5/8/2018,Plectritis congesta,Northern,45,401
5/8/2018,Plectritis congesta,Northern,45,402
5/8/2018,Plectritis congesta,Northern,45,433
5/8/2018,Plectritis congesta,Northern,46,113
5/8/2018,Plectritis congesta,Northern,46,160
5/8/2018,Plectritis congesta,Northern,46,181
5/8/2018,Plectritis congesta,Northern,46,183
5/8/2018,Plectritis congesta,Northern,46,187
5/8/2018,Plectritis congesta,Northern,46,190
5/8/2018,Plectritis congesta,Northern,46,210
5/8/2018,Plectritis congesta,Northern,46,211
5/8/2018,Plectritis congesta,Northern,46,219
5/8/2018,Plectritis congesta,Northern,46,220
5/8/2018,Plectritis congesta,Northern,46,222
5/8/2018,Plectritis congesta,Northern,46,225
5/8/2018,Plectritis congesta,Northern,46,232
5/8/2018,Plectritis congesta,Northern,46,234
5/8/2018,Plectritis congesta,Northern,46,236
5/8/2018,Plectritis congesta,Northern,46,236
5/8/2018,Plectritis congesta,Northern,46,237
5/8/2018,Plectritis congesta,Northern,46,239
5/8/2018,Plectritis congesta,Northern,46,240
5/8/2018,Plectritis congesta,Northern,46,252
5/8/2018,Plectritis congesta,Northern,46,252
5/8/2018,Plectritis congesta,Northern,46,253
5/8/2018,Plectritis congesta,Northern,46,255
5/8/2018,Plectritis congesta,Northern,46,255
5/8/2018,Plectritis congesta,Northern,46,260
5/8/2018,Plectritis congesta,Northern,46,265
5/8/2018,Plectritis congesta,Northern,46,265
5/8/2018,Plectritis congesta,Northern,46,278
5/8/2018,Plectritis congesta,Northern,46,280
5/8/2018,Plectritis congesta,Northern,46,290
5/8/2018,Plectritis congesta,Northern,46,291
5/8/2018,Plectritis congesta,Northern,46,292
5/8/2018,Plectritis congesta,Northern,46,304
5/8/2018,Plectritis congesta,Northern,46,316
5/8/2018,Plectritis congesta,Northern,46,318
5/8/2018,Plectritis congesta,Northern,46,319
5/8/2018,Plectritis congesta,Northern,46,320
5/8/2018,Plectritis congesta,Northern,46,329
5/8/2018,Plectritis congesta,Northern,46,329
5/8/2018,Plectritis congesta,Northern,46,334
5/8/2018,Plectritis congesta,Northern,46,335
5/8/2018,Plectritis congesta,Northern,46,335
5/8/2018,Plectritis congesta,Northern,46,335
5/8/2018,Plectritis congesta,Northern,46,341
5/8/2018,Plectritis congesta,Northern,46,346
5/8/2018,Plectritis congesta,Northern,46,349
5/8/2018,Plectritis congesta,Northern,46,360
5/8/2018,Plectritis congesta,Northern,46,370
5/8/2018,Plectritis congesta,Northern,46,371
5/8/2018,Plectritis congesta,Northern,46,373
5/8/2018,Plectritis congesta,Northern,46,378
5/8/2018,Plectritis congesta,Northern,46,397
5/8/2018,Plectritis congesta,Northern,46,398
5/8/2018,Plectritis congesta,Northern,46,401
5/8/2018,Plectritis congesta,Northern,46,405
5/8/2018,Plectritis congesta,Northern,46,410
5/8/2018,Plectritis congesta,Northern,46,411
5/8/2018,Plectritis congesta,Northern,46,490
5/8/2018,Plectritis congesta,Northern,46,507
5/23/2018,Plectritis congesta,Northern,47,300
5/23/2018,Plectritis congesta,Northern,47,380
5/23/2018,Plectritis congesta,Northern,47,390
5/23/2018,Plectritis congesta,Northern,47,430
5/23/2018,Plectritis congesta,Northern,47,450
5/23/2018,Plectritis congesta,Northern,47,451
5/23/2018,Plectritis congesta,Northern,47,479
5/23/2018,Plectritis congesta,Northern,47,490
5/23/2018,Plectritis congesta,Northern,47,520
5/23/2018,Plectritis congesta,Northern,47,523
5/23/2018,Plectritis congesta,Northern,47,559
5/23/2018,Plectritis congesta,Northern,47,560
5/23/2018,Plectritis congesta,Northern,48,314
5/23/2018,Plectritis congesta,Northern,48,330
5/23/2018,Plectritis congesta,Northern,48,339
5/23/2018,Plectritis congesta,Northern,48,340
5/23/2018,Plectritis congesta,Northern,48,355
5/23/2018,Plectritis congesta,Northern,48,359
5/23/2018,Plectritis congesta,Northern,48,384
5/23/2018,Plectritis congesta,Northern,48,410
5/23/2018,Plectritis congesta,Northern,48,413
5/23/2018,Plectritis congesta,Northern,48,430
5/23/2018,Plectritis congesta,Northern,48,492
5/23/2018,Plectritis congesta,Northern,48,563
5/23/2018,Plectritis congesta,Northern,49,270
5/23/2018,Plectritis congesta,Northern,49,347
5/23/2018,Plectritis congesta,Northern,49,350
5/23/2018,Plectritis congesta,Northern,49,350
5/23/2018,Plectritis congesta,Northern,49,355
5/23/2018,Plectritis congesta,Northern,49,389
5/23/2018,Plectritis congesta,Northern,49,415
5/23/2018,Plectritis congesta,Northern,49,427
5/23/2018,Plectritis congesta,Northern,49,448
5/23/2018,Plectritis congesta,Northern,49,456
5/23/2018,Plectritis congesta,Northern,49,552
5/23/2018,Plectritis congesta,Northern,49,592
5/23/2018,Plectritis congesta,Northern,50,255
5/23/2018,Plectritis congesta,Northern,50,270
5/23/2018,Plectritis congesta,Northern,50,330
5/23/2018,Plectritis congesta,Northern,50,350
5/23/2018,Plectritis congesta,Northern,50,350
5/23/2018,Plectritis congesta,Northern,50,382
5/23/2018,Plectritis congesta,Northern,50,450
5/23/2018,Plectritis congesta,Northern,50,450
5/23/2018,Plectritis congesta,Northern,50,497
5/23/2018,Plectritis congesta,Northern,50,503
5/23/2018,Plectritis congesta,Northern,50,522
5/23/2018,Plectritis congesta,Northern,50,548
5/8/2018,Plectritis congesta,Northern,51,100
5/8/2018,Plectritis congesta,Northern,51,102
5/8/2018,Plectritis congesta,Northern,51,130
5/8/2018,Plectritis congesta,Northern,51,132
5/8/2018,Plectritis congesta,Northern,51,135
5/8/2018,Plectritis congesta,Northern,51,139
5/8/2018,Plectritis congesta,Northern,51,170
5/8/2018,Plectritis congesta,Northern,51,172
5/8/2018,Plectritis congesta,Northern,51,191
5/8/2018,Plectritis congesta,Northern,51,198
5/8/2018,Plectritis congesta,Northern,51,199
5/8/2018,Plectritis congesta,Northern,51,205
5/8/2018,Plectritis congesta,Northern,51,220
5/8/2018,Plectritis congesta,Northern,51,229
5/8/2018,Plectritis congesta,Northern,51,230
5/8/2018,Plectritis congesta,Northern,51,235
5/8/2018,Plectritis congesta,Northern,51,235
5/8/2018,Plectritis congesta,Northern,51,246
5/8/2018,Plectritis congesta,Northern,51,252
5/8/2018,Plectritis congesta,Northern,51,257
5/8/2018,Plectritis congesta,Northern,51,263
5/8/2018,Plectritis congesta,Northern,51,272
5/8/2018,Plectritis congesta,Northern,51,300
5/8/2018,Plectritis congesta,Northern,51,311
5/8/2018,Plectritis congesta,Northern,51,312
5/8/2018,Plectritis congesta,Northern,51,316
5/8/2018,Plectritis congesta,Northern,51,320
5/8/2018,Plectritis congesta,Northern,51,330
5/8/2018,Plectritis congesta,Northern,51,333
5/8/2018,Plectritis congesta,Northern,51,340
5/8/2018,Plectritis congesta,Northern,51,351
5/8/2018,Plectritis congesta,Northern,51,352
5/8/2018,Plectritis congesta,Northern,51,362
5/8/2018,Plectritis congesta,Northern,51,372
5/8/2018,Plectritis congesta,Northern,51,389
5/8/2018,Plectritis congesta,Northern,51,390
5/8/2018,Plectritis congesta,Northern,51,394
5/8/2018,Plectritis congesta,Northern,51,405
5/8/2018,Plectritis congesta,Northern,51,418
5/8/2018,Plectritis congesta,Northern,51,422
5/8/2018,Plectritis congesta,Northern,51,425
5/8/2018,Plectritis congesta,Northern,51,435
5/8/2018,Plectritis congesta,Northern,51,445
5/8/2018,Plectritis congesta,Northern,51,446
5/8/2018,Plectritis congesta,Northern,51,456
5/8/2018,Plectritis congesta,Northern,51,471
5/8/2018,Plectritis congesta,Northern,51,500
5/8/2018,Plectritis congesta,Northern,52,113
5/8/2018,Plectritis congesta,Northern,52,114
5/8/2018,Plectritis congesta,Northern,52,179
5/8/2018,Plectritis congesta,Northern,52,180
5/8/2018,Plectritis congesta,Northern,52,180
5/8/2018,Plectritis congesta,Northern,52,200
5/8/2018,Plectritis congesta,Northern,52,210
5/8/2018,Plectritis congesta,Northern,52,223
5/8/2018,Plectritis congesta,Northern,52,225
5/8/2018,Plectritis congesta,Northern,52,226
5/8/2018,Plectritis congesta,Northern,52,247
5/8/2018,Plectritis congesta,Northern,52,264
5/8/2018,Plectritis congesta,Northern,52,265
5/8/2018,Plectritis congesta,Northern,52,288
5/8/2018,Plectritis congesta,Northern,52,290
5/8/2018,Plectritis congesta,Northern,52,304
5/8/2018,Plectritis congesta,Northern,52,320
5/8/2018,Plectritis congesta,Northern,52,326
5/8/2018,Plectritis congesta,Northern,52,339
5/8/2018,Plectritis congesta,Northern,52,344
5/23/2018,Plectritis congesta,Northern,53,310
5/23/2018,Plectritis congesta,Northern,53,312
5/23/2018,Plectritis congesta,Northern,53,317
5/23/2018,Plectritis congesta,Northern,53,318
5/23/2018,Plectritis congesta,Northern,53,396
5/23/2018,Plectritis congesta,Northern,53,397
5/23/2018,Plectritis congesta,Northern,53,397
5/23/2018,Plectritis congesta,Northern,53,400
5/23/2018,Plectritis congesta,Northern,53,459
5/23/2018,Plectritis congesta,Northern,53,494
5/23/2018,Plectritis congesta,Northern,53,522
5/23/2018,Plectritis congesta,Northern,53,570
5/8/2018,Plectritis congesta,Northern,54,223
5/8/2018,Plectritis congesta,Northern,54,226
5/8/2018,Plectritis congesta,Northern,54,230
5/8/2018,Plectritis congesta,Northern,54,235
5/8/2018,Plectritis congesta,Northern,54,252
5/8/2018,Plectritis congesta,Northern,54,260
5/8/2018,Plectritis congesta,Northern,54,271
5/8/2018,Plectritis congesta,Northern,54,320
5/8/2018,Plectritis congesta,Northern,54,323
5/8/2018,Plectritis congesta,Northern,54,339
5/8/2018,Plectritis congesta,Northern,54,345
5/8/2018,Plectritis congesta,Northern,54,346
5/8/2018,Plectritis congesta,Northern,54,359
5/8/2018,Plectritis congesta,Northern,54,366
5/8/2018,Plectritis congesta,Northern,54,370
5/8/2018,Plectritis congesta,Northern,54,371
5/8/2018,Plectritis congesta,Northern,54,372
5/8/2018,Plectritis congesta,Northern,54,373
5/8/2018,Plectritis congesta,Northern,54,437
5/8/2018,Plectritis congesta,Northern,54,492
5/8/2018,Plectritis congesta,Northern,55,113
5/8/2018,Plectritis congesta,Northern,55,160
5/8/2018,Plectritis congesta,Northern,55,161
5/8/2018,Plectritis congesta,Northern,55,165
5/8/2018,Plectritis congesta,Northern,55,170
5/8/2018,Plectritis congesta,Northern,55,171
5/8/2018,Plectritis congesta,Northern,55,176
5/8/2018,Plectritis congesta,Northern,55,200
5/8/2018,Plectritis congesta,Northern,55,203
5/8/2018,Plectritis congesta,Northern,55,212
5/8/2018,Plectritis congesta,Northern,55,220
5/8/2018,Plectritis congesta,Northern,55,233
5/8/2018,Plectritis congesta,Northern,55,240
5/8/2018,Plectritis congesta,Northern,55,242
5/8/2018,Plectritis congesta,Northern,55,242
5/8/2018,Plectritis congesta,Northern,55,244
5/8/2018,Plectritis congesta,Northern,55,257
5/8/2018,Plectritis congesta,Northern,55,260
5/8/2018,Plectritis congesta,Northern,55,286
5/8/2018,Plectritis congesta,Northern,55,303
5/8/2018,Plectritis congesta,Northern,55,334
5/8/2018,Plectritis congesta,Northern,55,350
5/8/2018,Plectritis congesta,Northern,55,417
5/8/2018,Plectritis congesta,Northern,55,509
5/23/2018,Plectritis congesta,Northern,56,207
5/23/2018,Plectritis congesta,Northern,56,264
5/23/2018,Plectritis congesta,Northern,56,325
5/23/2018,Plectritis congesta,Northern,56,342
5/23/2018,Plectritis congesta,Northern,56,358
5/23/2018,Plectritis congesta,Northern,56,370
5/23/2018,Plectritis congesta,Northern,56,394
5/23/2018,Plectritis congesta,Northern,56,397
5/23/2018,Plectritis congesta,Northern,56,430
5/23/2018,Plectritis congesta,Northern,56,435
5/23/2018,Plectritis congesta,Northern,56,439
5/23/2018,Plectritis congesta,Northern,56,640
5/8/2018,Plectritis congesta,Northern,57,110
5/8/2018,Plectritis congesta,Northern,57,116
5/8/2018,Plectritis congesta,Northern,57,119
5/8/2018,Plectritis congesta,Northern,57,121
5/8/2018,Plectritis congesta,Northern,57,125
5/8/2018,Plectritis congesta,Northern,57,145
5/8/2018,Plectritis congesta,Northern,57,155
5/8/2018,Plectritis congesta,Northern,57,165
5/8/2018,Plectritis congesta,Northern,57,198
5/8/2018,Plectritis congesta,Northern,57,216
5/8/2018,Plectritis congesta,Northern,57,225
5/8/2018,Plectritis congesta,Northern,57,226
5/8/2018,Plectritis congesta,Northern,57,251
5/8/2018,Plectritis congesta,Northern,57,256
5/8/2018,Plectritis congesta,Northern,57,261
5/8/2018,Plectritis congesta,Northern,57,265
5/8/2018,Plectritis congesta,Northern,57,288
5/8/2018,Plectritis congesta,Northern,57,293
5/8/2018,Plectritis congesta,Northern,57,295
5/8/2018,Plectritis congesta,Northern,57,309
5/8/2018,Plectritis congesta,Northern,57,310
5/8/2018,Plectritis congesta,Northern,57,311
5/23/2018,Plectritis congesta,Northern,58,220
5/23/2018,Plectritis congesta,Northern,58,255
5/23/2018,Plectritis congesta,Northern,58,281
5/23/2018,Plectritis congesta,Northern,58,287
5/23/2018,Plectritis congesta,Northern,58,310
5/23/2018,Plectritis congesta,Northern,58,320
5/23/2018,Plectritis congesta,Northern,58,330
5/23/2018,Plectritis congesta,Northern,58,335
5/23/2018,Plectritis congesta,Northern,58,340
5/23/2018,Plectritis congesta,Northern,58,382
5/23/2018,Plectritis congesta,Northern,58,480
5/23/2018,Plectritis congesta,Northern,58,488
5/23/2018,Plectritis congesta,Northern,59,260
5/23/2018,Plectritis congesta,Northern,59,418
5/23/2018,Plectritis congesta,Northern,59,465
5/23/2018,Plectritis congesta,Northern,59,485
5/23/2018,Plectritis congesta,Northern,59,490
5/23/2018,Plectritis congesta,Northern,59,497
5/23/2018,Plectritis congesta,Northern,59,501
5/23/2018,Plectritis congesta,Northern,59,517
5/23/2018,Plectritis congesta,Northern,59,520
5/23/2018,Plectritis congesta,Northern,59,524
5/23/2018,Plectritis congesta,Northern,59,530
5/23/2018,Plectritis congesta,Northern,59,580
5/8/2018,Plectritis congesta,Northern,60,168
5/8/2018,Plectritis congesta,Northern,60,195
5/8/2018,Plectritis congesta,Northern,60,203
5/8/2018,Plectritis congesta,Northern,60,219
5/8/2018,Plectritis congesta,Northern,60,219
5/8/2018,Plectritis congesta,Northern,60,219
5/8/2018,Plectritis congesta,Northern,60,223
5/8/2018,Plectritis congesta,Northern,60,225
5/8/2018,Plectritis congesta,Northern,60,226
5/8/2018,Plectritis congesta,Northern,60,231
5/8/2018,Plectritis congesta,Northern,60,233
5/8/2018,Plectritis congesta,Northern,60,244
5/8/2018,Plectritis congesta,Northern,60,248
5/8/2018,Plectritis congesta,Northern,60,251
5/8/2018,Plectritis congesta,Northern,60,267
5/8/2018,Plectritis congesta,Northern,60,276
5/8/2018,Plectritis congesta,Northern,60,290
5/8/2018,Plectritis congesta,Northern,60,290
5/8/2018,Plectritis congesta,Northern,60,295
5/8/2018,Plectritis congesta,Northern,60,315
5/8/2018,Plectritis congesta,Northern,60,371
5/8/2018,Plectritis congesta,Northern,60,380
5/8/2018,Plectritis congesta,Northern,60,397
5/17/2018,Poa compressa,Southern,FIELD,497
5/17/2018,Poa compressa,Southern,FIELD,471
5/17/2018,Poa compressa,Southern,FIELD,560
5/17/2018,Poa compressa,Southern,FIELD,327
5/17/2018,Poa compressa,Southern,FIELD,329
5/17/2018,Poa compressa,Southern,FIELD,293
5/17/2018,Poa compressa,Southern,FIELD,628
5/17/2018,Poa compressa,Southern,FIELD,540
5/17/2018,Poa compressa,Southern,FIELD,411
5/17/2018,Poa compressa,Southern,FIELD,476
5/17/2018,Poa compressa,Southern,FIELD,465
5/17/2018,Poa compressa,Southern,FIELD,360
5/17/2018,Poa compressa,Southern,FIELD,435
5/17/2018,Poa compressa,Southern,FIELD,412
5/17/2018,Poa compressa,Southern,FIELD,445
5/17/2018,Poa compressa,Southern,FIELD,430
5/17/2018,Poa compressa,Southern,FIELD,444
5/17/2018,Poa compressa,Southern,FIELD,474
5/17/2018,Poa compressa,Southern,FIELD,398
5/17/2018,Poa compressa,Southern,FIELD,410
5/17/2018,Poa compressa,Southern,FIELD,507
5/17/2018,Poa compressa,Southern,FIELD,426
5/17/2018,Poa compressa,Southern,FIELD,471
5/17/2018,Poa compressa,Southern,FIELD,440
5/17/2018,Poa compressa,Southern,FIELD,390
5/17/2018,Schedonorus arundinaceus,Southern,FIELD,750
5/17/2018,Schedonorus arundinaceus,Southern,FIELD,911
5/17/2018,Schedonorus arundinaceus,Southern,FIELD,893
5/17/2018,Schedonorus arundinaceus,Southern,FIELD,771
5/17/2018,Schedonorus arundinaceus,Southern,FIELD,734
5/17/2018,Schedonorus arundinaceus,Southern,FIELD,642
5/17/2018,Schedonorus arundinaceus,Southern,FIELD,689
5/17/2018,Schedonorus arundinaceus,Southern,FIELD,790
5/17/2018,Schedonorus arundinaceus,Southern,FIELD,1082
5/17/2018,Schedonorus arundinaceus,Southern,FIELD,769
5/17/2018,Schedonorus arundinaceus,Southern,FIELD,801
5/17/2018,Schedonorus arundinaceus,Southern,FIELD,966
5/17/2018,Schedonorus arundinaceus,Southern,FIELD,785
5/17/2018,Schedonorus arundinaceus,Southern,FIELD,795
5/17/2018,Schedonorus arundinaceus,Southern,FIELD,1124
5/17/2018,Schedonorus arundinaceus,Southern,FIELD,750
5/17/2018,Schedonorus arundinaceus,Southern,FIELD,990
5/17/2018,Schedonorus arundinaceus,Southern,FIELD,923
5/17/2018,Schedonorus arundinaceus,Southern,FIELD,1035
5/17/2018,Schedonorus arundinaceus,Southern,FIELD,858
5/17/2018,Schedonorus arundinaceus,Southern,FIELD,822
5/17/2018,Schedonorus arundinaceus,Southern,FIELD,760
5/17/2018,Schedonorus arundinaceus,Southern,FIELD,1053
5/17/2018,Schedonorus arundinaceus,Southern,FIELD,1071
5/17/2018,Schedonorus arundinaceus,Southern,FIELD,1105
5/10/18,Sidalcea malviflora,Northern,42,540
5/10/18,Sidalcea malviflora,Northern,42,470
5/10/18,Sidalcea malviflora,Northern,42,370
5/10/18,Sidalcea malviflora,Northern,42,413
5/10/18,Sidalcea malviflora,Northern,42,410
5/10/18,Sidalcea malviflora,Northern,43,572
5/10/18,Sidalcea malviflora,Northern,43,560
5/10/18,Sidalcea malviflora,Northern,43,510
5/10/18,Sidalcea malviflora,Northern,43,441
5/10/18,Sidalcea malviflora,Northern,43,468
5/10/18,Sidalcea malviflora,Northern,45,622
5/10/18,Sidalcea malviflora,Northern,45,517
5/10/18,Sidalcea malviflora,Northern,45,466
5/10/18,Sidalcea malviflora,Northern,45,585
5/10/18,Sidalcea malviflora,Northern,45,515
5/10/18,Sidalcea malviflora,Northern,46,550
5/10/18,Sidalcea malviflora,Northern,46,440
5/10/18,Sidalcea malviflora,Northern,46,462
5/10/18,Sidalcea malviflora,Northern,46,470
5/10/18,Sidalcea malviflora,Northern,46,526
5/10/18,Sidalcea malviflora,Northern,51,560
5/10/18,Sidalcea malviflora,Northern,51,531
5/10/18,Sidalcea malviflora,Northern,51,452
5/10/18,Sidalcea malviflora,Northern,51,369
5/10/18,Sidalcea malviflora,Northern,51,514
5/10/18,Sidalcea malviflora,Northern,52,698
5/10/18,Sidalcea malviflora,Northern,52,700
5/10/18,Sidalcea malviflora,Northern,52,571
5/10/18,Sidalcea malviflora,Northern,52,515
5/10/18,Sidalcea malviflora,Northern,52,520
5/10/18,Sidalcea malviflora,Northern,54,370
5/10/18,Sidalcea malviflora,Northern,54,410
5/10/18,Sidalcea malviflora,Northern,54,440
5/10/18,Sidalcea malviflora,Northern,54,572
5/10/18,Sidalcea malviflora,Northern,54,604
5/10/18,Sidalcea malviflora,Northern,55,615
5/10/18,Sidalcea malviflora,Northern,55,518
5/10/18,Sidalcea malviflora,Northern,55,602
5/10/18,Sidalcea malviflora,Northern,55,530
5/10/18,Sidalcea malviflora,Northern,55,434
5/10/18,Sidalcea malviflora,Northern,57,443
5/10/18,Sidalcea malviflora,Northern,57,450
5/10/18,Sidalcea malviflora,Northern,57,295
5/10/18,Sidalcea malviflora,Northern,57,330
5/10/18,Sidalcea malviflora,Northern,57,410
5/10/18,Sidalcea malviflora,Northern,60,572
5/10/18,Sidalcea malviflora,Northern,60,601
5/10/18,Sidalcea malviflora,Northern,60,468
5/10/18,Sidalcea malviflora,Northern,60,580
5/10/18,Sidalcea malviflora,Northern,60,450
5/16/2018,Sidalcea malviflora,Southern,1,341
5/16/2018,Sidalcea malviflora,Southern,1,275
5/16/2018,Sidalcea malviflora,Southern,1,257
5/16/2018,Sidalcea malviflora,Southern,1,383
5/16/2018,Sidalcea malviflora,Southern,1,301
5/16/2018,Sidalcea malviflora,Southern,2,273
5/16/2018,Sidalcea malviflora,Southern,2,383
5/16/2018,Sidalcea malviflora,Southern,2,447
5/16/2018,Sidalcea malviflora,Southern,2,250
5/16/2018,Sidalcea malviflora,Southern,2,235
5/16/2018,Sidalcea malviflora,Southern,3,254
5/16/2018,Sidalcea malviflora,Southern,3,172
5/16/2018,Sidalcea malviflora,Southern,3,140
5/16/2018,Sidalcea malviflora,Southern,4,425
5/16/2018,Sidalcea malviflora,Southern,4,270
5/16/2018,Sidalcea malviflora,Southern,4,449
5/16/2018,Sidalcea malviflora,Southern,4,378
5/16/2018,Sidalcea malviflora,Southern,4,362
5/16/2018,Sidalcea malviflora,Southern,5,255
5/16/2018,Sidalcea malviflora,Southern,5,331
5/16/2018,Sidalcea malviflora,Southern,5,362
5/16/2018,Sidalcea malviflora,Southern,5,355
5/16/2018,Sidalcea malviflora,Southern,5,495
5/16/2018,Sidalcea malviflora,Southern,6,255
5/16/2018,Sidalcea malviflora,Southern,6,324
5/16/2018,Sidalcea malviflora,Southern,6,168
5/16/2018,Sidalcea malviflora,Southern,6,243
5/16/2018,Sidalcea malviflora,Southern,6,480
5/16/2018,Sidalcea malviflora,Southern,6,370
5/16/2018,Sidalcea malviflora,Southern,7,282
5/16/2018,Sidalcea malviflora,Southern,7,340
5/16/2018,Sidalcea malviflora,Southern,7,307
5/16/2018,Sidalcea malviflora,Southern,7,543
5/16/2018,Sidalcea malviflora,Southern,7,390
5/16/2018,Sidalcea malviflora,Southern,8,398
5/16/2018,Sidalcea malviflora,Southern,8,385
5/16/2018,Sidalcea malviflora,Southern,8,207
5/16/2018,Sidalcea malviflora,Southern,8,242
5/16/2018,Sidalcea malviflora,Southern,9,265
5/16/2018,Sidalcea malviflora,Southern,9,292
5/16/2018,Sidalcea malviflora,Southern,9,307
5/16/2018,Sidalcea malviflora,Southern,10,220
5/16/2018,Sidalcea malviflora,Southern,10,214
5/16/2018,Sidalcea malviflora,Southern,10,448
5/16/2018,Sidalcea malviflora,Southern,10,234
5/16/2018,Sidalcea malviflora,Southern,10,409
5/16/2018,Sidalcea malviflora,Southern,11,193
5/16/2018,Sidalcea malviflora,Southern,12,182
5/16/2018,Sidalcea malviflora,Southern,12,191
5/16/2018,Sidalcea malviflora,Southern,13,386
5/16/2018,Sidalcea malviflora,Southern,13,325
5/16/2018,Sidalcea malviflora,Southern,13,255
5/16/2018,Sidalcea malviflora,Southern,13,233
5/16/2018,Sidalcea malviflora,Southern,13,274
5/16/2018,Sidalcea malviflora,Southern,14,255
5/16/2018,Sidalcea malviflora,Southern,14,349
5/16/2018,Sidalcea malviflora,Southern,15,375
5/16/2018,Sidalcea malviflora,Southern,15,401
5/16/2018,Sidalcea malviflora,Southern,15,263
5/16/2018,Sidalcea malviflora,Southern,15,261
5/16/2018,Sidalcea malviflora,Southern,15,335
5/16/2018,Sidalcea malviflora,Southern,16,364
5/16/2018,Sidalcea malviflora,Southern,16,271
5/16/2018,Sidalcea malviflora,Southern,16,269
5/16/2018,Sidalcea malviflora,Southern,16,322
5/16/2018,Sidalcea malviflora,Southern,16,294
5/16/2018,Sidalcea malviflora,Southern,17,314
5/16/2018,Sidalcea malviflora,Southern,17,241
5/16/2018,Sidalcea malviflora,Southern,17,292
5/16/2018,Sidalcea malviflora,Southern,17,500
5/16/2018,Sidalcea malviflora,Southern,18,185
5/16/2018,Sidalcea malviflora,Southern,18,241
5/16/2018,Sidalcea malviflora,Southern,18,325
5/16/2018,Sidalcea malviflora,Southern,18,304
5/16/2018,Sidalcea malviflora,Southern,18,271
5/16/2018,Sidalcea malviflora,Southern,19,374
5/16/2018,Sidalcea malviflora,Southern,19,355
5/16/2018,Sidalcea malviflora,Southern,19,275
5/16/2018,Sidalcea malviflora,Southern,19,184
5/16/2018,Sidalcea malviflora,Southern,19,299
5/2/2018,Trifolium subterraneum,Southern,2,80
5/2/2018,Trifolium subterraneum,Southern,2,105
5/2/2018,Trifolium subterraneum,Southern,2,60
5/2/2018,Trifolium subterraneum,Southern,2,59
5/2/2018,Trifolium subterraneum,Southern,10,67
5/2/2018,Trifolium subterraneum,Southern,10,78
5/2/2018,Trifolium subterraneum,Southern,10,117
5/2/2018,Trifolium subterraneum,Southern,10,79
5/2/2018,Trifolium subterraneum,Southern,13,95
5/2/2018,Trifolium subterraneum,Southern,13,93
5/2/2018,Trifolium subterraneum,Southern,13,71
5/2/2018,Trifolium subterraneum,Southern,13,85
5/2/2018,Trifolium subterraneum,Southern,16,50
5/2/2018,Trifolium subterraneum,Southern,16,44
5/2/2018,Trifolium subterraneum,Southern,16,70
5/2/2018,Trifolium subterraneum,Southern,16,72
5/2/2018,Trifolium subterraneum,Southern,19,105
5/2/2018,Trifolium subterraneum,Southern,19,85
5/2/2018,Trifolium subterraneum,Southern,19,86
5/2/2018,Trifolium subterraneum,Southern,19,70
5/16/2018,Vulpia spp.,Southern,1,198
5/16/2018,Vulpia spp.,Southern,1,111
5/16/2018,Vulpia spp.,Southern,1,168
5/16/2018,Vulpia spp.,Southern,1,100
5/16/2018,Vulpia spp.,Southern,1,220
5/16/2018,Vulpia spp.,Southern,2,168
5/16/2018,Vulpia spp.,Southern,2,170
5/16/2018,Vulpia spp.,Southern,2,125
5/16/2018,Vulpia spp.,Southern,2,184
5/16/2018,Vulpia spp.,Southern,2,145
5/16/2018,Vulpia spp.,Southern,3,161
5/16/2018,Vulpia spp.,Southern,3,171
5/16/2018,Vulpia spp.,Southern,3,195
5/16/2018,Vulpia spp.,Southern,3,225
5/16/2018,Vulpia spp.,Southern,3,211
5/16/2018,Vulpia spp.,Southern,4,144
5/16/2018,Vulpia spp.,Southern,4,189
5/16/2018,Vulpia spp.,Southern,4,245
5/16/2018,Vulpia spp.,Southern,4,164
5/16/2018,Vulpia spp.,Southern,4,155
5/16/2018,Vulpia spp.,Southern,5,210
5/16/2018,Vulpia spp.,Southern,5,182
5/16/2018,Vulpia spp.,Southern,5,236
5/16/2018,Vulpia spp.,Southern,5,190
5/16/2018,Vulpia spp.,Southern,5,196
5/16/2018,Vulpia spp.,Southern,6,196
5/16/2018,Vulpia spp.,Southern,6,165
5/16/2018,Vulpia spp.,Southern,6,203
5/16/2018,Vulpia spp.,Southern,6,230
5/16/2018,Vulpia spp.,Southern,6,467
5/16/2018,Vulpia spp.,Southern,7,326
5/16/2018,Vulpia spp.,Southern,7,305
5/16/2018,Vulpia spp.,Southern,7,152
5/16/2018,Vulpia spp.,Southern,7,184
5/16/2018,Vulpia spp.,Southern,7,226
5/16/2018,Vulpia spp.,Southern,8,225
5/16/2018,Vulpia spp.,Southern,8,253
5/16/2018,Vulpia spp.,Southern,8,245
5/16/2018,Vulpia spp.,Southern,8,215
5/16/2018,Vulpia spp.,Southern,8,195
5/16/2018,Vulpia spp.,Southern,9,261
5/16/2018,Vulpia spp.,Southern,9,242
5/16/2018,Vulpia spp.,Southern,9,232
5/16/2018,Vulpia spp.,Southern,9,353
5/16/2018,Vulpia spp.,Southern,9,378
5/16/2018,Vulpia spp.,Southern,10,155
5/16/2018,Vulpia spp.,Southern,10,185
5/16/2018,Vulpia spp.,Southern,10,144
5/16/2018,Vulpia spp.,Southern,10,191
5/16/2018,Vulpia spp.,Southern,10,192
5/16/2018,Vulpia spp.,Southern,11,295
5/16/2018,Vulpia spp.,Southern,11,259
5/16/2018,Vulpia spp.,Southern,11,221
5/16/2018,Vulpia spp.,Southern,11,240
5/16/2018,Vulpia spp.,Southern,11,123
5/16/2018,Vulpia spp.,Southern,12,180
5/16/2018,Vulpia spp.,Southern,12,151
5/16/2018,Vulpia spp.,Southern,12,194
5/16/2018,Vulpia spp.,Southern,12,279
5/16/2018,Vulpia spp.,Southern,12,249
5/16/2018,Vulpia spp.,Southern,13,231
5/16/2018,Vulpia spp.,Southern,13,305
5/16/2018,Vulpia spp.,Southern,13,371
5/16/2018,Vulpia spp.,Southern,13,321
5/16/2018,Vulpia spp.,Southern,13,299
5/16/2018,Vulpia spp.,Southern,14,335
5/16/2018,Vulpia spp.,Southern,14,352
5/16/2018,Vulpia spp.,Southern,14,275
5/16/2018,Vulpia spp.,Southern,14,219
5/16/2018,Vulpia spp.,Southern,14,281
5/16/2018,Vulpia spp.,Southern,15,214
5/16/2018,Vulpia spp.,Southern,15,178
5/16/2018,Vulpia spp.,Southern,15,211
5/16/2018,Vulpia spp.,Southern,15,278
5/16/2018,Vulpia spp.,Southern,15,231
5/16/2018,Vulpia spp.,Southern,16,181
5/16/2018,Vulpia spp.,Southern,16,161
5/16/2018,Vulpia spp.,Southern,16,285
5/16/2018,Vulpia spp.,Southern,16,245
5/16/2018,Vulpia spp.,Southern,16,211
5/16/2018,Vulpia spp.,Southern,17,220
5/16/2018,Vulpia spp.,Southern,17,245
5/16/2018,Vulpia spp.,Southern,17,354
5/16/2018,Vulpia spp.,Southern,17,219
5/16/2018,Vulpia spp.,Southern,17,265
5/16/2018,Vulpia spp.,Southern,18,242
5/16/2018,Vulpia spp.,Southern,18,250
5/16/2018,Vulpia spp.,Southern,18,201
5/16/2018,Vulpia spp.,Southern,18,286
5/16/2018,Vulpia spp.,Southern,18,252
5/16/2018,Vulpia spp.,Southern,19,144
5/16/2018,Vulpia spp.,Southern,19,138
5/16/2018,Vulpia spp.,Southern,19,221
5/16/2018,Vulpia spp.,Southern,19,339
5/16/2018,Vulpia spp.,Southern,19,309
5/16/2018,Vulpia spp.,Southern,20,234
5/16/2018,Vulpia spp.,Southern,20,335
5/16/2018,Vulpia spp.,Southern,20,239
5/16/2018,Vulpia spp.,Southern,20,314
5/16/2018,Vulpia spp.,Southern,20,319